<?xml version="1.0" encoding="UTF-8"?>
<!-- IMPORTANT: This is an internal file that has been generated
     by the Xilinx ISE software.  Any direct editing or
     changes made to this file may result in unpredictable
     behavior or data corruption.  It is strongly advised that
     users do not edit the contents of this file. -->
<DeviceUsageSummary rev="16">
<DesignStatistics TimeStamp="Tue May 04 16:26:02 2010"><group name="NetStatistics">
<item name="NumNets_Active" rev="15">
<attrib name="value" value="3048"/></item>
<item name="NumNets_Gnd" rev="15">
<attrib name="value" value="1"/></item>
<item name="NumNets_Vcc" rev="15">
<attrib name="value" value="1"/></item>
<item name="NumNodesOfType_Active_BRAMADDR" rev="15">
<attrib name="value" value="18"/></item>
<item name="NumNodesOfType_Active_BRAMDUMMY" rev="15">
<attrib name="value" value="32"/></item>
<item name="NumNodesOfType_Active_CLKPIN" rev="15">
<attrib name="value" value="574"/></item>
<item name="NumNodesOfType_Active_CNTRLPIN" rev="15">
<attrib name="value" value="588"/></item>
<item name="NumNodesOfType_Active_DOUBLE" rev="15">
<attrib name="value" value="11291"/></item>
<item name="NumNodesOfType_Active_DUMMY" rev="15">
<attrib name="value" value="6081"/></item>
<item name="NumNodesOfType_Active_DUMMYESC" rev="15">
<attrib name="value" value="12"/></item>
<item name="NumNodesOfType_Active_GLOBAL" rev="15">
<attrib name="value" value="105"/></item>
<item name="NumNodesOfType_Active_HFULLHEX" rev="15">
<attrib name="value" value="122"/></item>
<item name="NumNodesOfType_Active_HLONG" rev="15">
<attrib name="value" value="23"/></item>
<item name="NumNodesOfType_Active_HUNIHEX" rev="15">
<attrib name="value" value="830"/></item>
<item name="NumNodesOfType_Active_INPUT" rev="15">
<attrib name="value" value="10015"/></item>
<item name="NumNodesOfType_Active_IOBOUTPUT" rev="15">
<attrib name="value" value="12"/></item>
<item name="NumNodesOfType_Active_OMUX" rev="15">
<attrib name="value" value="1956"/></item>
<item name="NumNodesOfType_Active_OUTPUT" rev="15">
<attrib name="value" value="3006"/></item>
<item name="NumNodesOfType_Active_PREBXBY" rev="15">
<attrib name="value" value="2483"/></item>
<item name="NumNodesOfType_Active_VFULLHEX" rev="15">
<attrib name="value" value="411"/></item>
<item name="NumNodesOfType_Active_VLONG" rev="15">
<attrib name="value" value="37"/></item>
<item name="NumNodesOfType_Active_VUNIHEX" rev="15">
<attrib name="value" value="588"/></item>
<item name="NumNodesOfType_Gnd_BRAMDUMMY" rev="15">
<attrib name="value" value="4"/></item>
<item name="NumNodesOfType_Gnd_CNTRLPIN" rev="15">
<attrib name="value" value="3"/></item>
<item name="NumNodesOfType_Gnd_DOUBLE" rev="15">
<attrib name="value" value="13"/></item>
<item name="NumNodesOfType_Gnd_INPUT" rev="15">
<attrib name="value" value="11"/></item>
<item name="NumNodesOfType_Gnd_OMUX" rev="15">
<attrib name="value" value="11"/></item>
<item name="NumNodesOfType_Gnd_OUTPUT" rev="15">
<attrib name="value" value="8"/></item>
<item name="NumNodesOfType_Gnd_PREBXBY" rev="15">
<attrib name="value" value="4"/></item>
<item name="NumNodesOfType_Vcc_CNTRLPIN" rev="15">
<attrib name="value" value="4"/></item>
<item name="NumNodesOfType_Vcc_INPUT" rev="15">
<attrib name="value" value="3"/></item>
<item name="NumNodesOfType_Vcc_PREBXBY" rev="15">
<attrib name="value" value="2"/></item>
<item name="NumNodesOfType_Vcc_VCCOUT" rev="15">
<attrib name="value" value="7"/></item>
</group>
<group name="MiscellaneousStatistics">
<item name="AGG_BONDED_IO" rev="16">
<attrib name="value" value="32"/></item>
<item name="AGG_IO" rev="16">
<attrib name="value" value="32"/></item>
<item name="AGG_SLICE" rev="16">
<attrib name="value" value="1523"/></item>
<item name="NUM_4_INPUT_LUT" rev="16">
<attrib name="value" value="2018"/></item>
<item name="NUM_BONDED_IOB" rev="16">
<attrib name="value" value="32"/></item>
<item name="NUM_BUFGMUX" rev="16">
<attrib name="value" value="2"/></item>
<item name="NUM_CYMUX" rev="16">
<attrib name="value" value="131"/></item>
<item name="NUM_IOB_FF" rev="16">
<attrib name="value" value="1"/></item>
<item name="NUM_LUT_RT" rev="16">
<attrib name="value" value="63"/></item>
<item name="NUM_RAMB16" rev="16">
<attrib name="value" value="2"/></item>
<item name="NUM_SLICEL" rev="16">
<attrib name="value" value="1139"/></item>
<item name="NUM_SLICEM" rev="16">
<attrib name="value" value="384"/></item>
<item name="NUM_SLICE_FF" rev="16">
<attrib name="value" value="1106"/></item>
<item name="NUM_SLICE_LATCH" rev="16">
<attrib name="value" value="3"/></item>
<item name="NUM_XOR" rev="16">
<attrib name="value" value="92"/></item>
<item name="Xilinx Core blkmemsp_v6_2, Xilinx CORE Generator 10.1" rev="16">
<attrib name="value" value="2"/></item>
</group>
</DesignStatistics>
<ReportConfigData TimeStamp="Tue May 04 16:22:19 2010"><group name="SLICEM_F">
<item name="LUT_OR_MEM" rev="15">
<attrib name="LUT" value="384"/></item>
</group>
<group name="SLICEM_G">
<item name="LUT_OR_MEM" rev="15">
<attrib name="LUT" value="384"/></item>
</group>
<group name="IOB_OFF1">
<item name="LATCH_OR_FF" rev="15">
<attrib name="FF" value="1"/></item>
<item name="OFF1_INIT_ATTR" rev="15">
<attrib name="INIT0" value="1"/></item>
</group>
<group name="BUFGMUX_GCLKMUX">
<item name="DISABLE_ATTR" rev="15">
<attrib name="LOW" value="2"/></item>
</group>
<group name="IOB_IFF1">
<item name="IFF1_INIT_ATTR" rev="9">
<attrib name="INIT0" value="4"/></item>
<item name="LATCH_OR_FF" rev="9">
<attrib name="FF" value="4"/></item>
</group>
<group name="SLICEL_FFX">
<item name="FFX_INIT_ATTR" rev="15">
<attrib name="INIT0" value="552"/><attrib name="INIT1" value="6"/></item>
<item name="FFX_SR_ATTR" rev="15">
<attrib name="SRLOW" value="552"/><attrib name="SRHIGH" value="6"/></item>
<item name="LATCH_OR_FF" rev="15">
<attrib name="FF" value="556"/><attrib name="LATCH" value="2"/></item>
<item name="SYNC_ATTR" rev="15">
<attrib name="ASYNC" value="542"/><attrib name="SYNC" value="16"/></item>
</group>
<group name="SLICEL_FFY">
<item name="FFY_INIT_ATTR" rev="15">
<attrib name="INIT0" value="547"/><attrib name="INIT1" value="4"/></item>
<item name="FFY_SR_ATTR" rev="15">
<attrib name="SRLOW" value="547"/><attrib name="SRHIGH" value="4"/></item>
<item name="LATCH_OR_FF" rev="15">
<attrib name="FF" value="550"/><attrib name="LATCH" value="1"/></item>
<item name="SYNC_ATTR" rev="15">
<attrib name="ASYNC" value="537"/><attrib name="SYNC" value="14"/></item>
</group>
<group name="RAMB16_RAMB16A">
<item name="PORTA_ATTR" rev="15">
<attrib name="512X36" value="2"/></item>
<item name="WRITEMODEA" rev="15">
<attrib name="WRITE_FIRST" value="2"/></item>
</group>
<group name="IOB_PAD">
<item name="DRIVEATTRBOX" rev="15">
<attrib name="12" value="20"/></item>
<item name="IOATTRBOX" rev="15">
<attrib name="LVCMOS25" value="32"/></item>
<item name="SLEW" rev="15">
<attrib name="SLOW" value="20"/></item>
</group>
</ReportConfigData>
<ReportPinData TimeStamp="Tue May 04 16:22:19 2010"><group name="SLICEM_F">
<item name="A1" rev="15">
<attrib name="value" value="384"/></item>
<item name="A2" rev="15">
<attrib name="value" value="384"/></item>
<item name="A3" rev="15">
<attrib name="value" value="384"/></item>
<item name="D" rev="15">
<attrib name="value" value="384"/></item>
</group>
<group name="SLICEM_G">
<item name="A1" rev="15">
<attrib name="value" value="384"/></item>
<item name="A2" rev="15">
<attrib name="value" value="384"/></item>
<item name="A3" rev="15">
<attrib name="value" value="384"/></item>
<item name="D" rev="15">
<attrib name="value" value="384"/></item>
</group>
<group name="SLICEL">
<item name="BX" rev="15">
<attrib name="value" value="929"/></item>
<item name="BY" rev="15">
<attrib name="value" value="792"/></item>
<item name="CE" rev="15">
<attrib name="value" value="522"/></item>
<item name="CIN" rev="15">
<attrib name="value" value="61"/></item>
<item name="CLK" rev="15">
<attrib name="value" value="571"/></item>
<item name="COUT" rev="15">
<attrib name="value" value="63"/></item>
<item name="F1" rev="15">
<attrib name="value" value="624"/></item>
<item name="F2" rev="15">
<attrib name="value" value="589"/></item>
<item name="F3" rev="15">
<attrib name="value" value="566"/></item>
<item name="F4" rev="15">
<attrib name="value" value="138"/></item>
<item name="F5" rev="15">
<attrib name="value" value="384"/></item>
<item name="FX" rev="15">
<attrib name="value" value="192"/></item>
<item name="FXINA" rev="15">
<attrib name="value" value="288"/></item>
<item name="FXINB" rev="15">
<attrib name="value" value="288"/></item>
<item name="G1" rev="15">
<attrib name="value" value="618"/></item>
<item name="G2" rev="15">
<attrib name="value" value="582"/></item>
<item name="G3" rev="15">
<attrib name="value" value="547"/></item>
<item name="G4" rev="15">
<attrib name="value" value="109"/></item>
<item name="SR" rev="15">
<attrib name="value" value="47"/></item>
<item name="X" rev="15">
<attrib name="value" value="181"/></item>
<item name="XQ" rev="15">
<attrib name="value" value="558"/></item>
<item name="Y" rev="15">
<attrib name="value" value="244"/></item>
<item name="YQ" rev="15">
<attrib name="value" value="551"/></item>
</group>
<group name="SLICEM">
<item name="BX" rev="15">
<attrib name="value" value="384"/></item>
<item name="BY" rev="15">
<attrib name="value" value="384"/></item>
<item name="F1" rev="15">
<attrib name="value" value="384"/></item>
<item name="F2" rev="15">
<attrib name="value" value="384"/></item>
<item name="F3" rev="15">
<attrib name="value" value="384"/></item>
<item name="F5" rev="15">
<attrib name="value" value="384"/></item>
<item name="FX" rev="15">
<attrib name="value" value="384"/></item>
<item name="FXINA" rev="15">
<attrib name="value" value="384"/></item>
<item name="FXINB" rev="15">
<attrib name="value" value="384"/></item>
<item name="G1" rev="15">
<attrib name="value" value="384"/></item>
<item name="G2" rev="15">
<attrib name="value" value="384"/></item>
<item name="G3" rev="15">
<attrib name="value" value="384"/></item>
</group>
<group name="RAMB16">
<item name="ADDRA10" rev="15">
<attrib name="value" value="2"/></item>
<item name="ADDRA11" rev="15">
<attrib name="value" value="2"/></item>
<item name="ADDRA12" rev="15">
<attrib name="value" value="2"/></item>
<item name="ADDRA13" rev="15">
<attrib name="value" value="2"/></item>
<item name="ADDRA5" rev="15">
<attrib name="value" value="2"/></item>
<item name="ADDRA6" rev="15">
<attrib name="value" value="2"/></item>
<item name="ADDRA7" rev="15">
<attrib name="value" value="2"/></item>
<item name="ADDRA8" rev="15">
<attrib name="value" value="2"/></item>
<item name="ADDRA9" rev="15">
<attrib name="value" value="2"/></item>
<item name="CLKA" rev="15">
<attrib name="value" value="2"/></item>
<item name="DIA0" rev="15">
<attrib name="value" value="1"/></item>
<item name="DIA1" rev="15">
<attrib name="value" value="1"/></item>
<item name="DIA10" rev="15">
<attrib name="value" value="1"/></item>
<item name="DIA11" rev="15">
<attrib name="value" value="1"/></item>
<item name="DIA12" rev="15">
<attrib name="value" value="1"/></item>
<item name="DIA13" rev="15">
<attrib name="value" value="1"/></item>
<item name="DIA14" rev="15">
<attrib name="value" value="1"/></item>
<item name="DIA15" rev="15">
<attrib name="value" value="1"/></item>
<item name="DIA16" rev="15">
<attrib name="value" value="1"/></item>
<item name="DIA17" rev="15">
<attrib name="value" value="1"/></item>
<item name="DIA18" rev="15">
<attrib name="value" value="1"/></item>
<item name="DIA19" rev="15">
<attrib name="value" value="1"/></item>
<item name="DIA2" rev="15">
<attrib name="value" value="1"/></item>
<item name="DIA20" rev="15">
<attrib name="value" value="1"/></item>
<item name="DIA21" rev="15">
<attrib name="value" value="1"/></item>
<item name="DIA22" rev="15">
<attrib name="value" value="1"/></item>
<item name="DIA23" rev="15">
<attrib name="value" value="1"/></item>
<item name="DIA24" rev="15">
<attrib name="value" value="1"/></item>
<item name="DIA25" rev="15">
<attrib name="value" value="1"/></item>
<item name="DIA26" rev="15">
<attrib name="value" value="1"/></item>
<item name="DIA27" rev="15">
<attrib name="value" value="1"/></item>
<item name="DIA28" rev="15">
<attrib name="value" value="1"/></item>
<item name="DIA29" rev="15">
<attrib name="value" value="1"/></item>
<item name="DIA3" rev="15">
<attrib name="value" value="1"/></item>
<item name="DIA30" rev="15">
<attrib name="value" value="1"/></item>
<item name="DIA31" rev="15">
<attrib name="value" value="1"/></item>
<item name="DIA4" rev="15">
<attrib name="value" value="1"/></item>
<item name="DIA5" rev="15">
<attrib name="value" value="1"/></item>
<item name="DIA6" rev="15">
<attrib name="value" value="1"/></item>
<item name="DIA7" rev="15">
<attrib name="value" value="1"/></item>
<item name="DIA8" rev="15">
<attrib name="value" value="1"/></item>
<item name="DIA9" rev="15">
<attrib name="value" value="1"/></item>
<item name="DIPA0" rev="15">
<attrib name="value" value="1"/></item>
<item name="DIPA1" rev="15">
<attrib name="value" value="1"/></item>
<item name="DIPA2" rev="15">
<attrib name="value" value="1"/></item>
<item name="DIPA3" rev="15">
<attrib name="value" value="1"/></item>
<item name="DOA0" rev="15">
<attrib name="value" value="2"/></item>
<item name="DOA1" rev="15">
<attrib name="value" value="2"/></item>
<item name="DOA10" rev="15">
<attrib name="value" value="1"/></item>
<item name="DOA11" rev="15">
<attrib name="value" value="2"/></item>
<item name="DOA12" rev="15">
<attrib name="value" value="2"/></item>
<item name="DOA13" rev="15">
<attrib name="value" value="2"/></item>
<item name="DOA14" rev="15">
<attrib name="value" value="2"/></item>
<item name="DOA15" rev="15">
<attrib name="value" value="2"/></item>
<item name="DOA16" rev="15">
<attrib name="value" value="2"/></item>
<item name="DOA17" rev="15">
<attrib name="value" value="2"/></item>
<item name="DOA18" rev="15">
<attrib name="value" value="2"/></item>
<item name="DOA19" rev="15">
<attrib name="value" value="2"/></item>
<item name="DOA2" rev="15">
<attrib name="value" value="2"/></item>
<item name="DOA20" rev="15">
<attrib name="value" value="2"/></item>
<item name="DOA21" rev="15">
<attrib name="value" value="2"/></item>
<item name="DOA22" rev="15">
<attrib name="value" value="2"/></item>
<item name="DOA23" rev="15">
<attrib name="value" value="2"/></item>
<item name="DOA24" rev="15">
<attrib name="value" value="2"/></item>
<item name="DOA25" rev="15">
<attrib name="value" value="2"/></item>
<item name="DOA26" rev="15">
<attrib name="value" value="2"/></item>
<item name="DOA27" rev="15">
<attrib name="value" value="2"/></item>
<item name="DOA28" rev="15">
<attrib name="value" value="2"/></item>
<item name="DOA29" rev="15">
<attrib name="value" value="2"/></item>
<item name="DOA3" rev="15">
<attrib name="value" value="2"/></item>
<item name="DOA30" rev="15">
<attrib name="value" value="2"/></item>
<item name="DOA31" rev="15">
<attrib name="value" value="2"/></item>
<item name="DOA4" rev="15">
<attrib name="value" value="2"/></item>
<item name="DOA5" rev="15">
<attrib name="value" value="2"/></item>
<item name="DOA6" rev="15">
<attrib name="value" value="2"/></item>
<item name="DOA7" rev="15">
<attrib name="value" value="2"/></item>
<item name="DOA8" rev="15">
<attrib name="value" value="1"/></item>
<item name="DOA9" rev="15">
<attrib name="value" value="1"/></item>
<item name="ENA" rev="15">
<attrib name="value" value="2"/></item>
<item name="SSRA" rev="15">
<attrib name="value" value="2"/></item>
<item name="WEA" rev="15">
<attrib name="value" value="2"/></item>
</group>
<group name="IOB_OFF1">
<item name="CK" rev="15">
<attrib name="value" value="1"/></item>
<item name="D" rev="15">
<attrib name="value" value="1"/></item>
<item name="Q" rev="15">
<attrib name="value" value="1"/></item>
</group>
<group name="RAMB16_RAMB16">
<item name="ADDRA" rev="15">
<attrib name="value" value="2"/></item>
<item name="DIA" rev="15">
<attrib name="value" value="2"/></item>
<item name="DOA" rev="15">
<attrib name="value" value="2"/></item>
</group>
<group name="IOB_OUTBUF">
<item name="IN" rev="15">
<attrib name="value" value="20"/></item>
<item name="OUT" rev="15">
<attrib name="value" value="20"/></item>
</group>
<group name="SLICEL_CYMUXF">
<item name="0" rev="15">
<attrib name="value" value="68"/></item>
<item name="1" rev="15">
<attrib name="value" value="68"/></item>
<item name="OUT" rev="15">
<attrib name="value" value="68"/></item>
<item name="S0" rev="15">
<attrib name="value" value="68"/></item>
</group>
<group name="SLICEL_CYMUXG">
<item name="0" rev="15">
<attrib name="value" value="63"/></item>
<item name="1" rev="15">
<attrib name="value" value="63"/></item>
<item name="OUT" rev="15">
<attrib name="value" value="63"/></item>
<item name="S0" rev="15">
<attrib name="value" value="63"/></item>
</group>
<group name="BUFGMUX_GCLKMUX">
<item name="I0" rev="15">
<attrib name="value" value="2"/></item>
<item name="OUT" rev="15">
<attrib name="value" value="2"/></item>
<item name="S" rev="15">
<attrib name="value" value="2"/></item>
</group>
<group name="SLICEL_C1VDD">
<item name="1" rev="15">
<attrib name="value" value="4"/></item>
</group>
<group name="IOB_IFF1">
<item name="CE" rev="9">
<attrib name="value" value="4"/></item>
<item name="CK" rev="9">
<attrib name="value" value="4"/></item>
<item name="D" rev="9">
<attrib name="value" value="4"/></item>
<item name="Q" rev="9">
<attrib name="value" value="4"/></item>
</group>
<group name="IOB_DELAY">
<item name="IN" rev="9">
<attrib name="value" value="4"/></item>
<item name="OUT" rev="9">
<attrib name="value" value="4"/></item>
</group>
<group name="IOB_INBUF">
<item name="IN" rev="15">
<attrib name="value" value="12"/></item>
<item name="OUT" rev="15">
<attrib name="value" value="12"/></item>
</group>
<group name="SLICEL_FFX">
<item name="CE" rev="15">
<attrib name="value" value="516"/></item>
<item name="CK" rev="15">
<attrib name="value" value="558"/></item>
<item name="D" rev="15">
<attrib name="value" value="558"/></item>
<item name="Q" rev="15">
<attrib name="value" value="558"/></item>
<item name="SR" rev="15">
<attrib name="value" value="41"/></item>
</group>
<group name="SLICEL_XORF">
<item name="0" rev="15">
<attrib name="value" value="44"/></item>
<item name="1" rev="15">
<attrib name="value" value="44"/></item>
<item name="O" rev="15">
<attrib name="value" value="44"/></item>
</group>
<group name="SLICEL_FFY">
<item name="CE" rev="15">
<attrib name="value" value="515"/></item>
<item name="CK" rev="15">
<attrib name="value" value="551"/></item>
<item name="D" rev="15">
<attrib name="value" value="551"/></item>
<item name="Q" rev="15">
<attrib name="value" value="551"/></item>
<item name="SR" rev="15">
<attrib name="value" value="37"/></item>
</group>
<group name="SLICEL_XORG">
<item name="0" rev="15">
<attrib name="value" value="48"/></item>
<item name="1" rev="15">
<attrib name="value" value="48"/></item>
<item name="O" rev="15">
<attrib name="value" value="48"/></item>
</group>
<group name="SLICEM_F6MUX">
<item name="0" rev="15">
<attrib name="value" value="384"/></item>
<item name="1" rev="15">
<attrib name="value" value="384"/></item>
<item name="OUT" rev="15">
<attrib name="value" value="384"/></item>
<item name="S0" rev="15">
<attrib name="value" value="384"/></item>
</group>
<group name="RAMB16_RAMB16A">
<item name="ADDRA" rev="15">
<attrib name="value" value="2"/></item>
<item name="ADDRA10" rev="15">
<attrib name="value" value="2"/></item>
<item name="ADDRA11" rev="15">
<attrib name="value" value="2"/></item>
<item name="ADDRA12" rev="15">
<attrib name="value" value="2"/></item>
<item name="ADDRA13" rev="15">
<attrib name="value" value="2"/></item>
<item name="ADDRA5" rev="15">
<attrib name="value" value="2"/></item>
<item name="ADDRA6" rev="15">
<attrib name="value" value="2"/></item>
<item name="ADDRA7" rev="15">
<attrib name="value" value="2"/></item>
<item name="ADDRA8" rev="15">
<attrib name="value" value="2"/></item>
<item name="ADDRA9" rev="15">
<attrib name="value" value="2"/></item>
<item name="CLKA" rev="15">
<attrib name="value" value="2"/></item>
<item name="DIA" rev="15">
<attrib name="value" value="2"/></item>
<item name="DIA0" rev="15">
<attrib name="value" value="1"/></item>
<item name="DIA1" rev="15">
<attrib name="value" value="1"/></item>
<item name="DIA10" rev="15">
<attrib name="value" value="1"/></item>
<item name="DIA11" rev="15">
<attrib name="value" value="1"/></item>
<item name="DIA12" rev="15">
<attrib name="value" value="1"/></item>
<item name="DIA13" rev="15">
<attrib name="value" value="1"/></item>
<item name="DIA14" rev="15">
<attrib name="value" value="1"/></item>
<item name="DIA15" rev="15">
<attrib name="value" value="1"/></item>
<item name="DIA16" rev="15">
<attrib name="value" value="1"/></item>
<item name="DIA17" rev="15">
<attrib name="value" value="1"/></item>
<item name="DIA18" rev="15">
<attrib name="value" value="1"/></item>
<item name="DIA19" rev="15">
<attrib name="value" value="1"/></item>
<item name="DIA2" rev="15">
<attrib name="value" value="1"/></item>
<item name="DIA20" rev="15">
<attrib name="value" value="1"/></item>
<item name="DIA21" rev="15">
<attrib name="value" value="1"/></item>
<item name="DIA22" rev="15">
<attrib name="value" value="1"/></item>
<item name="DIA23" rev="15">
<attrib name="value" value="1"/></item>
<item name="DIA24" rev="15">
<attrib name="value" value="1"/></item>
<item name="DIA25" rev="15">
<attrib name="value" value="1"/></item>
<item name="DIA26" rev="15">
<attrib name="value" value="1"/></item>
<item name="DIA27" rev="15">
<attrib name="value" value="1"/></item>
<item name="DIA28" rev="15">
<attrib name="value" value="1"/></item>
<item name="DIA29" rev="15">
<attrib name="value" value="1"/></item>
<item name="DIA3" rev="15">
<attrib name="value" value="1"/></item>
<item name="DIA30" rev="15">
<attrib name="value" value="1"/></item>
<item name="DIA31" rev="15">
<attrib name="value" value="1"/></item>
<item name="DIA4" rev="15">
<attrib name="value" value="1"/></item>
<item name="DIA5" rev="15">
<attrib name="value" value="1"/></item>
<item name="DIA6" rev="15">
<attrib name="value" value="1"/></item>
<item name="DIA7" rev="15">
<attrib name="value" value="1"/></item>
<item name="DIA8" rev="15">
<attrib name="value" value="1"/></item>
<item name="DIA9" rev="15">
<attrib name="value" value="1"/></item>
<item name="DIPA0" rev="15">
<attrib name="value" value="1"/></item>
<item name="DIPA1" rev="15">
<attrib name="value" value="1"/></item>
<item name="DIPA2" rev="15">
<attrib name="value" value="1"/></item>
<item name="DIPA3" rev="15">
<attrib name="value" value="1"/></item>
<item name="DOA" rev="15">
<attrib name="value" value="2"/></item>
<item name="DOA0" rev="15">
<attrib name="value" value="2"/></item>
<item name="DOA1" rev="15">
<attrib name="value" value="2"/></item>
<item name="DOA10" rev="15">
<attrib name="value" value="1"/></item>
<item name="DOA11" rev="15">
<attrib name="value" value="2"/></item>
<item name="DOA12" rev="15">
<attrib name="value" value="2"/></item>
<item name="DOA13" rev="15">
<attrib name="value" value="2"/></item>
<item name="DOA14" rev="15">
<attrib name="value" value="2"/></item>
<item name="DOA15" rev="15">
<attrib name="value" value="2"/></item>
<item name="DOA16" rev="15">
<attrib name="value" value="2"/></item>
<item name="DOA17" rev="15">
<attrib name="value" value="2"/></item>
<item name="DOA18" rev="15">
<attrib name="value" value="2"/></item>
<item name="DOA19" rev="15">
<attrib name="value" value="2"/></item>
<item name="DOA2" rev="15">
<attrib name="value" value="2"/></item>
<item name="DOA20" rev="15">
<attrib name="value" value="2"/></item>
<item name="DOA21" rev="15">
<attrib name="value" value="2"/></item>
<item name="DOA22" rev="15">
<attrib name="value" value="2"/></item>
<item name="DOA23" rev="15">
<attrib name="value" value="2"/></item>
<item name="DOA24" rev="15">
<attrib name="value" value="2"/></item>
<item name="DOA25" rev="15">
<attrib name="value" value="2"/></item>
<item name="DOA26" rev="15">
<attrib name="value" value="2"/></item>
<item name="DOA27" rev="15">
<attrib name="value" value="2"/></item>
<item name="DOA28" rev="15">
<attrib name="value" value="2"/></item>
<item name="DOA29" rev="15">
<attrib name="value" value="2"/></item>
<item name="DOA3" rev="15">
<attrib name="value" value="2"/></item>
<item name="DOA30" rev="15">
<attrib name="value" value="2"/></item>
<item name="DOA31" rev="15">
<attrib name="value" value="2"/></item>
<item name="DOA4" rev="15">
<attrib name="value" value="2"/></item>
<item name="DOA5" rev="15">
<attrib name="value" value="2"/></item>
<item name="DOA6" rev="15">
<attrib name="value" value="2"/></item>
<item name="DOA7" rev="15">
<attrib name="value" value="2"/></item>
<item name="DOA8" rev="15">
<attrib name="value" value="1"/></item>
<item name="DOA9" rev="15">
<attrib name="value" value="1"/></item>
<item name="ENA" rev="15">
<attrib name="value" value="2"/></item>
<item name="SSRA" rev="15">
<attrib name="value" value="2"/></item>
<item name="WEA" rev="15">
<attrib name="value" value="2"/></item>
</group>
<group name="SLICEL_F6MUX">
<item name="0" rev="15">
<attrib name="value" value="288"/></item>
<item name="1" rev="15">
<attrib name="value" value="288"/></item>
<item name="OUT" rev="15">
<attrib name="value" value="288"/></item>
<item name="S0" rev="15">
<attrib name="value" value="288"/></item>
</group>
<group name="IOB_PAD">
<item name="PAD" rev="15">
<attrib name="value" value="32"/></item>
</group>
<group name="IOB">
<item name="I" rev="15">
<attrib name="value" value="12"/></item>
<item name="O1" rev="15">
<attrib name="value" value="20"/></item>
<item name="OTCLK1" rev="15">
<attrib name="value" value="1"/></item>
<item name="PAD" rev="15">
<attrib name="value" value="32"/></item>
</group>
<group name="BUFGMUX">
<item name="I0" rev="15">
<attrib name="value" value="2"/></item>
<item name="O" rev="15">
<attrib name="value" value="2"/></item>
<item name="S" rev="15">
<attrib name="value" value="2"/></item>
</group>
<group name="SLICEM_F5MUX">
<item name="F" rev="15">
<attrib name="value" value="384"/></item>
<item name="G" rev="15">
<attrib name="value" value="384"/></item>
<item name="OUT" rev="15">
<attrib name="value" value="384"/></item>
<item name="S0" rev="15">
<attrib name="value" value="384"/></item>
</group>
<group name="BUFGMUX_GCLK_BUFFER">
<item name="IN" rev="15">
<attrib name="value" value="2"/></item>
<item name="OUT" rev="15">
<attrib name="value" value="2"/></item>
</group>
<group name="SLICEL_F">
<item name="A1" rev="15">
<attrib name="value" value="624"/></item>
<item name="A2" rev="15">
<attrib name="value" value="589"/></item>
<item name="A3" rev="15">
<attrib name="value" value="566"/></item>
<item name="A4" rev="15">
<attrib name="value" value="138"/></item>
<item name="D" rev="15">
<attrib name="value" value="627"/></item>
</group>
<group name="SLICEL_F5MUX">
<item name="F" rev="15">
<attrib name="value" value="423"/></item>
<item name="G" rev="15">
<attrib name="value" value="423"/></item>
<item name="OUT" rev="15">
<attrib name="value" value="423"/></item>
<item name="S0" rev="15">
<attrib name="value" value="423"/></item>
</group>
<group name="SLICEL_G">
<item name="A1" rev="15">
<attrib name="value" value="618"/></item>
<item name="A2" rev="15">
<attrib name="value" value="582"/></item>
<item name="A3" rev="15">
<attrib name="value" value="547"/></item>
<item name="A4" rev="15">
<attrib name="value" value="109"/></item>
<item name="D" rev="15">
<attrib name="value" value="623"/></item>
</group>
<group name="SLICEL_GNDF">
<item name="0" rev="15">
<attrib name="value" value="32"/></item>
</group>
<group name="SLICEL_GNDG">
<item name="0" rev="15">
<attrib name="value" value="32"/></item>
</group>
</ReportPinData>
<CmdHistory>
</CmdHistory>
</DeviceUsageSummary>
